<?xml version="1.0" encoding="UTF-8"?>
<!DOCTYPE mapper PUBLIC "-//mybatis.org//DTD Mapper 3.0//EN" "http://mybatis.org/dtd/mybatis-3-mapper.dtd">
<mapper namespace="com.jd.platform.hotkey.dashboard.biz.mapper.WorkerMapper">
  <resultMap id="BaseResultMap" type="com.jd.platform.hotkey.dashboard.model.Worker">
    <id column="id" jdbcType="INTEGER" property="id" />
    <result column="name" jdbcType="VARCHAR" property="name" />
    <result column="ip" jdbcType="VARCHAR" property="ip" />
    <result column="cli_count" jdbcType="INTEGER" property="cliCount" />
    <result column="port" jdbcType="INTEGER" property="port" />
    <result column="update_time" jdbcType="TIMESTAMP" property="updateTime" />
    <result column="update_user" jdbcType="VARCHAR" property="updateUser" />
    <result column="state" jdbcType="TINYINT" property="state" />
  </resultMap>
  <sql id="Base_Column_List">
    id, name, ip, port,update_user, update_time, state
  </sql>

  <select id="selectByPrimaryKey" parameterType="java.lang.Integer" resultMap="BaseResultMap">
    select
    <include refid="Base_Column_List" />
    from hk_worker
    where id = #{id,jdbcType=INTEGER}
  </select>

  <select id="selectByKey" parameterType="java.lang.String" resultMap="BaseResultMap">
    select
    <include refid="Base_Column_List" />
    from hk_worker
    where name = #{name}
  </select>

  <update id="logicDeleteByKey" parameterType="java.lang.Integer">
    update hk_worker set state = 0
    where id = #{id,jdbcType=INTEGER}
  </update>

  <insert id="insertSelective" parameterType="com.jd.platform.hotkey.dashboard.model.Worker">
    insert ignore into hk_worker
    <trim prefix="(" suffix=")" suffixOverrides=",">
      <if test="id != null">
        id,
      </if>
      <if test="name != null">
        name,
      </if>
      <if test="ip != null">
        ip,
      </if>
      <if test="port != null">
        port,
      </if>
      <if test="cliCount != null">
        cli_count,
      </if>
      <if test="updateUser != null">
        update_user,
      </if>
      <if test="updateTime != null">
        update_time,
      </if>
      <if test="state != null">
        state,
      </if>
    </trim>
    <trim prefix="values (" suffix=")" suffixOverrides=",">
      <if test="id != null">
        #{id,jdbcType=INTEGER},
      </if>
      <if test="name != null">
        #{name,jdbcType=VARCHAR},
      </if>
      <if test="ip != null">
        #{ip,jdbcType=VARCHAR},
      </if>
      <if test="port != null">
        #{port,jdbcType=INTEGER},
      </if>
      <if test="cliCount != null">
        #{cliCount,jdbcType=INTEGER},
      </if>
      <if test="updateUser != null">
        #{updateUser,jdbcType=VARCHAR},
      </if>
      <if test="updateTime != null">
        #{updateTime,jdbcType=TIMESTAMP},
      </if>
      <if test="state != null">
        #{state,jdbcType=TINYINT},
      </if>
    </trim>
  </insert>

  <update id="updateByKey" parameterType="com.jd.platform.hotkey.dashboard.model.Worker">
    update hk_worker
    <set>
      <if test="name != null">
        name = #{name,jdbcType=VARCHAR},
      </if>
      <if test="ip != null">
        ip = #{ip,jdbcType=VARCHAR},
      </if>
      <if test="port != null">
        port = #{port,jdbcType=INTEGER},
      </if>
      <if test="cliCount != null">
        cli_count = #{cliCount,jdbcType=INTEGER},
      </if>
      <if test="updateUser != null">
        update_user = #{updateUser,jdbcType=VARCHAR},
      </if>
      <if test="updateTime != null">
        update_time = #{updateTime,jdbcType=TIMESTAMP},
      </if>
      <if test="state != null">
        state = #{state,jdbcType=TINYINT},
      </if>
    </set>
    where name = #{name}
  </update>

  <select id="listWorker" parameterType="com.jd.platform.hotkey.dashboard.common.domain.req.SearchReq" resultMap="BaseResultMap">
    select
    <include refid="Base_Column_List" />
    from hk_worker
    order by id desc
  </select>

</mapper>